{"cameraMode":{"drawMode":0,"name":"Shaded","section":"Shading Mode"},"sceneLighting":true,"audioPlay":false,"sceneViewState":{"showFog":true,"showMaterialUpdate":false,"showSkybox":true,"showFlares":true,"showImageEffects":true,"showParticleSystems":true,"showVisualEffectGraphs":true,"m_FxEnabled":true},"in2DMode":false,"pivot":{"x":0.14371830224990846,"y":0.02828008309006691,"z":-0.2795300781726837},"rotation":{"x":0.15867209434509278,"y":-0.6904501914978027,"z":0.15934200584888459,"w":0.6875458359718323},"size":0.8654910922050476,"orthographic":false}